,Symbol
0,XXII
1,FAX
2,UAVS
3,AXU
4,AAU
5,APT
6,AMPE
7,BTG
8,CEI
9,YCBD
10,LNG
11,LODE
12,DHY
13,DNN
14,DPW
15,EVV
16,UUUU
17,FSP
18,GGN
19,GSAT
20,GORO
21,GSV
22,AUMN
23,GSS
24,GTE
25,GPL
26,IBIO
27,IGC
28,NSPR
29,INUV
30,ISR
31,ITP
32,MTNB
33,NGD
34,NAK
35,NBY
36,NG
37,OCX
38,OGEN
39,PTN
40,REI
41,SENS
42,SVM
43,SILV
44,SYN
45,TRX
46,TGB
47,TRXC
48,URG
49,UEC
50,VHC
51,VGZ
52,ZOM
53,VNET
54,TWOU
55,EGHT
56,ABMD
57,ACIA
58,ACTG
59,ACHC
60,ACAD
61,ACST
62,XLRN
63,ARAY
64,ACRX
65,ACIW
66,ACRS
67,ATVI
68,ADMS
69,ADMP
70,ADAP
71,ADIL
72,ADMA
73,ADBE
74,ADTN
75,AEIS
76,AMD
77,ADXS
78,ADVM
79,AMTX
80,AERI
81,ARPO
82,AEZS
83,AFMD
84,AGEN
85,AGRX
86,AGIO
87,AGNC
88,ALRN
89,ATSG
90,AKAM
91,AKBA
92,KERN
93,ALRM
94,ALXN
95,ALGN
96,ALKS
97,ALLK
98,ALNA
99,LNT
100,AESE
101,ALLO
102,MDRX
103,ALNY
104,GOOG
105,GOOGL
106,ALTR
107,ALT
108,AMRN
109,AMZN
110,AMBC
111,AMBA
112,AMCX
113,DOX
114,AMED
115,AAL
116,AFIN
117,AREC
118,AMGN
119,FOLD
120,AMKR
121,AMRS
122,ADI
123,ANAB
124,AVXL
125,ANGI
126,ANSS
127,ATRS
128,APLS
129,AINV
130,APPN
131,AAPL
132,AGTC
133,AMAT
134,AAOI
135,APTX
136,AQMS
137,AQB
138,AQST
139,ABUS
140,RKDA
141,ARCB
142,ACGL
143,FUV
144,ARDX
145,ARNA
146,ARCC
147,ARWR
148,ARVN
149,ASLN
150,ASML
151,AZPN
152,ASRT
153,ATRA
154,ATNX
155,ATHX
156,AY
157,AAWW
158,TEAM
159,ATOS
160,AUPH
161,EARS
162,JG
163,ADSK
164,ADP
165,AVID
166,AVGR
167,CAR
168,AVT
169,AXNX
170,AXSM
171,AZRX
172,BIDU
173,BLDP
174,OZK
175,BZUN
176,GOLD
177,BECN
178,BBBY
179,BRY
180,BGCP
181,BGFV
182,BILI
183,BIOC
184,BCRX
185,BDSI
186,BIIB
187,BHTG
188,BIOL
189,BMRN
190,BNGO
191,BL
192,BKCC
193,BLNK
194,BLMN
195,BCOR
196,BLUE
197,BPMC
198,WIFI
199,BKNG
200,BRQS
201,BPFH
202,BOXL
203,BHF
204,AVGO
205,BPY
206,BRKL
207,BRKS
208,BRKR
209,BLDR
210,CHRW
211,CCMP
212,CDNS
213,CZR
214,CSQ
215,CALA
216,CALM
217,CSIQ
218,CGIX
219,CFFN
220,CARA
221,CDLX
222,CATM
223,CDNA
224,CTRE
225,CARG
226,CASA
227,CASY
228,SAVA
229,CATB
230,CPRX
231,CATY
232,CBAT
233,CBOE
234,CDK
235,CDW
236,APOP
237,CLSN
238,CETX
239,CDEV
240,CENX
241,CRNT
242,CERN
243,CERS
244,GTLS
245,CHTR
246,CHKP
247,CHEK
248,CCXI
249,CHFS
250,CHMA
251,PLCE
252,CMRX
253,CNET
254,CMPR
255,CINF
256,CIDM
257,CTAS
258,CRUS
259,CSCO
260,CTXR
261,CTXS
262,CLNE
263,CLSD
264,CLVS
265,CLPS
266,CME
267,COCP
268,CODX
269,CCOI
270,CGNX
271,CTSH
272,CHRS
273,COLL
274,COLM
275,CMCSA
276,CBSH
277,COMM
278,CVLT
279,SCOR
280,CFMS
281,CONN
282,CNSL
283,CNST
284,CPRT
285,CRBP
286,CORT
287,CSOD
288,COST
289,COUP
290,CBRL
291,TVIX
292,CREE
293,CRSP
294,CRTO
295,CROX
296,CRON
297,CSGS
298,CSX
299,CVBF
300,CYBR
301,CBAY
302,CONE
303,CYTK
304,CTMX
305,DARE
306,PLAY
307,DBVT
308,DCPH
309,TACO
310,DNLI
311,DENN
312,XRAY
313,DXLG
314,DXCM
315,FANG
316,DRNA
317,DFFN
318,DGLY
319,APPS
320,DIOD
321,DISCA
322,DISCK
323,DISH
324,BOOM
325,DOCU
326,DOGZ
327,DLTR
328,DOMO
329,DBX
330,DLTH
331,DRRX
332,DVAX
333,SSP
334,EWBC
335,EBAY
336,SATS
337,EDIT
338,EHTH
339,LOCO
340,SOLO
341,ECOR
342,EA
343,ENDP
344,NDRA
345,WATT
346,ERII
347,ENPH
348,ENTG
349,ENTX
350,EPZM
351,EQ
352,EQIX
353,ERIC
354,ESPR
355,ETSY
356,EEFT
357,EVBG
358,EVER
359,EVOP
360,EVFM
361,EVOK
362,EOLS
363,EXAS
364,XELA
365,EXEL
366,EXC
367,EXPI
368,EXPE
369,EXPD
370,STAY
371,EXTR
372,EZPW
373,FFIV
374,FB
375,FAMI
376,FAST
377,FATE
378,GSM
379,FGEN
380,ONEQ
381,FRGI
382,FITB
383,FEYE
384,FFIN
385,FHB
386,FMBI
387,FSLR
388,FV
389,FTSM
390,LMBS
391,FISV
392,FIVE
393,FPRX
394,FIVN
395,FLEX
396,FLXN
397,FLIR
398,FLDM
399,FOCS
400,FRSX
401,FORM
402,FRTA
403,FTNT
404,FBIO
405,FOSL
406,FRPT
407,FTDR
408,FCEL
409,FLGT
410,FULT
411,FNKO
412,FTFT
413,GTHX
414,GLPI
415,GRMN
416,GDS
417,GNUS
418,GNMK
419,GNPX
420,GNTX
421,GERN
422,GEVO
423,GIGM
424,GIII
425,GILD
426,GBCI
427,GBT
428,BOTZ
429,GLBS
430,GLUU
431,GLYC
432,GOGO
433,GLNG
434,GPRO
435,LOPE
436,GLDD
437,GPRE
438,GTEC
439,GRNQ
440,GSKY
441,GRFS
442,GRTS
443,GRPN
444,GRWG
445,GGAL
446,GH
447,GWPH
448,HALO
449,HJLI
450,HWC
451,HLIT
452,HAS
453,HA
454,HCSG
455,HQY
456,HTLD
457,HTBX
458,HSIC
459,HEPA
460,MLHR
461,HX
462,HIBB
463,HIMX
464,HMSY
465,HOLX
466,HOMB
467,FIXX
468,HOPE
469,HZNP
470,TWNK
471,HMHC
472,HTGM
473,HTHT
474,HBAN
475,HYRE
476,IAC
477,ICHR
478,ICLK
479,ICLR
480,IDEX
481,IDXX
482,IFMK
483,INFO
484,IIVI
485,ILMN
486,IMUX
487,IMGN
488,IMMP
489,PI
490,INCY
491,ILPT
492,INFN
493,INFI
494,IFRX
495,INVA
496,INOV
497,INO
498,INPX
499,INSG
500,NSIT
501,INSM
502,PODD
503,NTEC
504,IART
505,INTC
506,NTLA
507,IBKR
508,ICPT
509,IDCC
510,TILE
511,XENT
512,ITCI
513,INTU
514,ISRG
515,KBWB
516,PDBC
517,QQQ
518,ISBC
519,IONS
520,IOVA
521,IPGP
522,IQ
523,IRTC
524,IRDM
525,IRBT
526,IRWD
527,SHY
528,TLT
529,IEI
530,IEF
531,IXUS
532,HEWG
533,ESGE
534,ESGU
535,IGIB
536,EMB
537,MBB
538,ACWX
539,ACWI
540,AAXJ
541,MCHI
542,SCZ
543,EUFN
544,TUR
545,IBB
546,SOXX
547,PFF
548,ICLN
549,IJT
550,DVY
551,SHV
552,IGSB
553,ITRM
554,ITRI
555,ISEE
556,IZEA
557,JBHT
558,JCOM
559,JKHY
560,JACK
561,JAGX
562,JAZZ
563,JD
564,JBLU
565,JNCE
566,KXIN
567,KALA
568,KNDI
569,KPTI
570,KLAC
571,KOPN
572,KWEB
573,KTOS
574,KLIC
575,KURA
576,LJPC
577,LRCX
578,LAMR
579,LSTR
580,LNTH
581,LSCC
582,LAUR
583,LPTX
584,LXRX
585,LX
586,LGIH
587,LBRDK
588,LBTYA
589,LBTYK
590,LILA
591,LILAK
592,FWONA
593,FWONK
594,LSXMA
595,LSXMK
596,LTRPA
597,LLNW
598,LECO
599,LPCN
600,LQDA
601,LIVN
602,LPSN
603,LIVX
604,LKQ
605,LMFA
606,LOGI
607,LPLA
608,LULU
609,LITE
610,MTSI
611,MGNX
612,MHLD
613,MANH
614,MNKD
615,MARA
616,MRNS
617,MAR
618,MRTN
619,MRVL
620,MASI
621,MTCH
622,MAT
623,MXIM
624,MDGS
625,MEDP
626,MLCO
627,MELI
628,MMSI
629,MRSN
630,MESA
631,MEOH
632,MCHP
633,MU
634,MSFT
635,MVIS
636,MICT
637,MTP
638,MIME
639,NERV
640,MRTX
641,MKSI
642,MOBL
643,MOGO
644,MBRX
645,MOMO
646,MDLZ
647,MGI
648,MDB
649,MPWR
650,MNST
651,MOTS
652,MBIO
653,MYGN
654,NBRV
655,NAKD
656,NNDM
657,NAOV
658,NH
659,NK
660,NDAQ
661,NTRA
662,NCMI
663,NATI
664,EYE
665,NAVI
666,NKTR
667,NEOS
668,NEPT
669,NTAP
670,NTES
671,NFLX
672,NTGR
673,NTCT
674,NBIX
675,NBEV
676,NYMT
677,NWL
678,NMRK
679,NWS
680,NWSA
681,NXGN
682,EGOV
683,NIU
684,LASR
685,NMIH
686,NDLS
687,NDSN
688,NTRS
689,NWBI
690,NLOK
691,NCLH
692,NOVN
693,NVAX
694,NVCR
695,NUAN
696,NTNX
697,NUVA
698,NVDA
699,NXPI
700,NXTD
701,OCSL
702,OBLN
703,OBSV
704,OPTT
705,OCGN
706,OCUL
707,ODT
708,ODP
709,OKTA
710,ODFL
711,ONB
712,OLLI
713,OMER
714,ON
715,ONTX
716,OSPN
717,OSW
718,OTEX
719,OPGN
720,OPK
721,OSUR
722,ORBC
723,ORTX
724,ORLY
725,OTIC
726,OTLK
727,OSTK
728,OVID
729,OXBR
730,PCAR
731,PACB
732,PCRX
733,PACW
734,PAAS
735,PZZA
736,TEUM
737,PDCO
738,PTEN
739,PAVM
740,PAYX
741,PCTY
742,PYPL
743,PDCE
744,PENN
745,PVAC
746,PNNT
747,PBCT
748,PEP
749,PETQ
750,PETS
751,PHAS
752,PLAB
753,PHUN
754,PLL
755,PIRS
756,PPC
757,PDD
758,PT
759,PPSI
760,PLYA
761,PLXS
762,PLUG
763,PS
764,POLA
765,POOL
766,BPOP
767,PBPB
768,PCH
769,POWI
770,PRAA
771,PRAH
772,PRPO
773,PINC
774,PRMW
775,PFG
776,PRGS
777,PFPT
778,BIB
779,TQQQ
780,SQQQ
781,PSEC
782,PRTA
783,PRVB
784,PTC
785,PTCT
786,PULM
787,PBYI
788,PXS
789,QGEN
790,QIWI
791,QRVO
792,QCOM
793,QLYS
794,QDEL
795,QNST
796,QTNT
797,QRTEA
798,QTT
799,RRD
800,RCM
801,RDUS
802,RDWR
803,RMBS
804,RPD
805,RP
806,RRGB
807,RRR
808,RDFN
809,REG
810,REGN
811,RGNX
812,RGLS
813,MARK
814,REGI
815,RCII
816,RPAY
817,RESN
818,ROIC
819,RETO
820,RVNC
821,RWLK
822,RBBN
823,RIGL
824,RIOT
825,ROKU
826,ROST
827,RGLD
828,RUBY
829,RUTH
830,RYAAY
831,SBRA
832,SABR
833,SFET
834,SAGE
835,SAFM
836,SGMO
837,SANM
838,SNY
839,SRPT
840,SVRA
841,SBAC
842,SCHN
843,SRRK
844,SGMS
845,WORX
846,SEAC
847,STX
848,SHIP
849,SGEN
850,EYES
851,SEIC
852,SELB
853,SLS
854,SMTC
855,AIHS
856,MCRB
857,SVC
858,SREV
859,SESN
860,SGBX
861,PIXY
862,SIEN
863,SWIR
864,SIFY
865,SBNY
866,SLGN
867,SLAB
868,SIMO
869,SINA
870,SBGI
871,SINT
872,SIRI
873,SKYW
874,SWKS
875,SNBR
876,SLM
877,SGH
878,SND
879,SOHU
880,SEDG
881,SLDB
882,SONO
883,SPHS
884,SRNE
885,SPPI
886,SPI
887,SAVE
888,SPLK
889,SPWH
890,SFM
891,SSNC
892,SSRM
893,STAF
894,SBUX
895,STCN
896,STLD
897,SRCL
898,SHOO
899,SFIX
900,STNE
901,SSYS
902,WISA
903,STKL
904,SPWR
905,RUN
906,SUNW
907,SUPN
908,SURF
909,SGRY
910,SIVB
911,SVMK
912,SYNA
913,SNCR
914,SYNH
915,SNPS
916,TROW
917,TTOO
918,TTWO
919,TNDM
920,TANH
921,TEDU
922,TRNX
923,TELL
924,TENB
925,TER
926,TSLA
927,TTEK
928,TCBI
929,TXN
930,TXRH
931,TFSL
932,TGTX
933,WTER
934,CG
935,CAKE
936,ENSG
937,XONE
938,GT
939,HAIN
940,KHC
941,MIK
942,MIDD
943,SMPL
944,TTD
945,TXMD
946,TLRY
947,TMDI
948,TVTY
949,TLSA
950,TMUS
951,TNXP
952,TOPS
953,TRCH
954,TPIC
955,TSCO
956,TBIO
957,TRVN
958,TCDA
959,TRIL
960,TRMB
961,TCOM
962,TRIP
963,TRVG
964,TRUE
965,TTMI
966,TOUR
967,HEAR
968,TWST
969,TYME
970,USWS
971,ULTA
972,UCTT
973,RARE
974,UMPQ
975,QURE
976,UAL
977,UNFI
978,UTHR
979,UNIT
980,UBX
981,OLED
982,UFPI
983,UPWK
984,UONEK
985,URBN
986,MYT
987,UTSI
988,UXIN
989,VCNX
990,VLY
991,VNDA
992,BBH
993,ANGL
994,PPH
995,RTH
996,SMH
997,VNQI
998,VCIT
999,VMBS
1000,VCSH
1001,VTIP
1002,VGSH
1003,BND
1004,BNDX
1005,VXUS
1006,VREX
1007,VRNS
1008,VBLT
1009,VXRT
1010,VBIV
1011,VECO
1012,VEON
1013,VRA
1014,VSTM
1015,VRNT
1016,VRSN
1017,VRSK
1018,VERI
1019,VRRM
1020,VRTX
1021,VIAC
1022,VIAV
1023,VRAY
1024,VKTX
1025,VIOT
1026,VNOM
1027,VIRT
1028,VISL
1029,VTGN
1030,VC
1031,VVPR
1032,VOD
1033,VYGR
1034,VTVT
1035,VUZI
1036,WTRH
1037,WBA
1038,WAFD
1039,WVE
1040,WB
1041,WEN
1042,WERN
1043,WDC
1044,WPRT
1045,WWR
1046,WLTW
1047,WSC
1048,WING
1049,WETF
1050,WIX
1051,WWD
1052,WDAY
1053,WKHS
1054,WW
1055,WYNN
1056,XEL
1057,XBIO
1058,XERS
1059,XLNX
1060,XPER
1061,XSPA
1062,XNET
1063,YNDX
1064,YY
1065,ZAGG
1066,ZBRA
1067,Z
1068,ZG
1069,ZION
1070,ZIOP
1071,ZIXI
1072,ZKIN
1073,ZGNX
1074,ZSAN
1075,ZS
1076,ZUMZ
1077,ZYNE
1078,ZNGA
1079,DDD
1080,MMM
1081,WBAI
1082,EGHT
1083,AOS
1084,ATEN
1085,ABB
1086,ABT
1087,ABBV
1088,ANF
1089,AWP
1090,AOD
1091,AKR
1092,ACN
1093,ACCO
1094,EPAC
1095,AYI
1096,AGRO
1097,ADNT
1098,ADT
1099,ATGE
1100,AAP
1101,WMS
1102,ACM
1103,AEG
1104,AER
1105,AJRD
1106,AMG
1107,AFL
1108,MITT
1109,AGCO
1110,A
1111,AEM
1112,AL
1113,APD
1114,AGI
1115,ALK
1116,ALB
1117,AA
1118,ARE
1119,BABA
1120,ATI
1121,ALLE
1122,ADS
1123,AB
1124,ALSN
1125,ALL
1126,ALLY
1127,AYX
1128,ATUS
1129,MO
1130,ACH
1131,ABEV
1132,AMC
1133,AMCR
1134,AEE
1135,AMX
1136,AXL
1137,ACC
1138,AEO
1139,AEP
1140,AEL
1141,AXP
1142,AFG
1143,AMH
1144,AIG
1145,AMT
1146,AWK
1147,COLD
1148,AMP
1149,ABC
1150,AMN
1151,AMRX
1152,APH
1153,AME
1154,PLAN
1155,AU
1156,BUD
1157,NLY
1158,AM
1159,AR
1160,ANTM
1161,ANH
1162,AON
1163,APA
1164,AIV
1165,APHA
1166,ARI
1167,APO
1168,APLE
1169,APTV
1170,ARMK
1171,ABR
1172,MT
1173,ARCH
1174,ADM
1175,AROC
1176,ARCO
1177,ACA
1178,RCUS
1179,ARES
1180,ANET
1181,ARLO
1182,ARR
1183,AWI
1184,ARW
1185,AJG
1186,APAM
1187,ASX
1188,AHT
1189,ASH
1190,ASB
1191,AIZ
1192,AGO
1193,AZN
1194,HOME
1195,T
1196,ATH
1197,ATKR
1198,AT
1199,ATO
1200,ACB
1201,ATHM
1202,ALV
1203,AN
1204,AZO
1205,AVLR
1206,AVB
1207,AGR
1208,AVNS
1209,AVYA
1210,AVY
1211,AVA
1212,EQH
1213,AXTA
1214,AXS
1215,AX
1216,AZUL
1217,BGS
1218,BKR
1219,BLL
1220,BBVA
1221,BBD
1222,BSBR
1223,BSAC
1224,BSMX
1225,SAN
1226,CIB
1227,BXS
1228,BAC
1229,BOH
1230,BMO
1231,BK
1232,BNS
1233,BKU
1234,BCS
1235,BNED
1236,GOLD
1237,BHC
1238,BAX
1239,BCE
1240,BZH
1241,BDX
1242,BDXA
1243,BDC
1244,BHE
1245,BERY
1246,BBY
1247,BEST
1248,BHP
1249,BBL
1250,BIG
1251,BHVN
1252,BJ
1253,BKI
1254,BB
1255,BDJ
1256,BGY
1257,BCX
1258,BLK
1259,BE
1260,APRN
1261,DHF
1262,BA
1263,BCC
1264,BOOT
1265,BAH
1266,BWA
1267,BXP
1268,BSX
1269,BOX
1270,BYD
1271,BP
1272,BDN
1273,BRFS
1274,BSIG
1275,BV
1276,EAT
1277,BCO
1278,BMY
1279,BTI
1280,BRX
1281,BR
1282,BKD
1283,BAM
1284,BIP
1285,BRO
1286,BC
1287,BKE
1288,BVN
1289,BG
1290,BURL
1291,BWXT
1292,CBT
1293,COG
1294,CACI
1295,WHD
1296,CADE
1297,CAL
1298,CALX
1299,ELY
1300,CPE
1301,CPT
1302,CCJ
1303,CPB
1304,CWH
1305,GOOS
1306,CNI
1307,CNQ
1308,CP
1309,CNNE
1310,CAJ
1311,CGC
1312,COF
1313,BXMT
1314,CPRI
1315,CMO
1316,CAH
1317,CSL
1318,KMX
1319,CCL
1320,CRS
1321,CARS
1322,CRI
1323,CVNA
1324,CSLT
1325,CTLT
1326,CAT
1327,IGR
1328,CBRE
1329,CE
1330,CLS
1331,CX
1332,CVE
1333,CNC
1334,CNP
1335,EBR
1336,CDAY
1337,CF
1338,CRL
1339,CMCM
1340,CHGG
1341,CC
1342,CVX
1343,CHS
1344,CIM
1345,LFC
1346,CHU
1347,CMG
1348,CB
1349,CHT
1350,CHD
1351,CIEN
1352,CI
1353,XEC
1354,CBB
1355,CNK
1356,CIT
1357,C
1358,CFG
1359,CLH
1360,CCO
1361,CWEN
1362,CLF
1363,CLX
1364,CLDR
1365,CMS
1366,CNHI
1367,CNO
1368,CNX
1369,KO
1370,CCEP
1371,CDE
1372,CFX
1373,CL
1374,CLNY
1375,CLNC
1376,CXP
1377,CMA
1378,CMC
1379,CYH
1380,CIG
1381,CBD
1382,SBS
1383,ELP
1384,CMP
1385,CRK
1386,CAG
1387,CNDT
1388,COP
1389,CEIX
1390,ED
1391,STZ
1392,CSTM
1393,TCS
1394,CLR
1395,VLRS
1396,CTB
1397,CPA
1398,CLB
1399,CXW
1400,CLGX
1401,CPLG
1402,GLW
1403,OFC
1404,CZZ
1405,CMRE
1406,COTY
1407,CUZ
1408,CVA
1409,CR
1410,CS
1411,CPG
1412,CCI
1413,CCK
1414,CUBE
1415,CFR
1416,CMI
1417,CURO
1418,CWK
1419,CVI
1420,CVS
1421,DHI
1422,DAN
1423,DHR
1424,DQ
1425,DRI
1426,DAR
1427,DVA
1428,DCP
1429,DECK
1430,DE
1431,DK
1432,DELL
1433,DAL
1434,DLX
1435,DBI
1436,DESP
1437,DB
1438,DVN
1439,DHX
1440,DHT
1441,DEO
1442,DRH
1443,DSX
1444,DKS
1445,DBD
1446,DLR
1447,DDS
1448,DFS
1449,DLB
1450,DG
1451,D
1452,DPZ
1453,UFS
1454,DCI
1455,LPG
1456,DSL
1457,DEI
1458,DOV
1459,RDY
1460,DRQ
1461,DS
1462,DTE
1463,DNP
1464,DUK
1465,DRE
1466,DD
1467,DXC
1468,DY
1469,ELF
1470,EXP
1471,DEA
1472,EMN
1473,KODK
1474,ETN
1475,ETW
1476,EV
1477,ETY
1478,EXG
1479,ECL
1480,EC
1481,EPC
1482,EIX
1483,EW
1484,ELAN
1485,ESTC
1486,EGO
1487,ESI
1488,LLY
1489,ERJ
1490,EME
1491,EBS
1492,EMR
1493,ESRT
1494,ENBL
1495,ENB
1496,EHC
1497,EXK
1498,ENIA
1499,ENIC
1500,ENR
1501,ET
1502,ERF
1503,ENS
1504,E
1505,ENLC
1506,ENVA
1507,ETM
1508,ETR
1509,EMP
1510,EPD
1511,EVC
1512,EOG
1513,EPAM
1514,EPR
1515,EQT
1516,EFX
1517,EQNR
1518,ETRN
1519,EQC
1520,ELS
1521,EQR
1522,ESNT
1523,EPRT
1524,ESS
1525,EL
1526,ETH
1527,EURN
1528,EB
1529,EVR
1530,RE
1531,EVRG
1532,EVRI
1533,ES
1534,EVTC
1535,EVH
1536,AQUA
1537,EXPR
1538,EXR
1539,XOM
1540,FNB
1541,FN
1542,FDS
1543,FICO
1544,FTCH
1545,FRT
1546,FDX
1547,RACE
1548,FOE
1549,FNF
1550,FIS
1551,FINV
1552,FAF
1553,FBP
1554,FCF
1555,FHN
1556,FR
1557,AG
1558,FRC
1559,FE
1560,FLT
1561,FND
1562,FTK
1563,FLO
1564,FLS
1565,FLR
1566,FMC
1567,FMX
1568,FL
1569,F
1570,FTV
1571,FSM
1572,FBHS
1573,FCPT
1574,FNV
1575,BEN
1576,FI
1577,FCX
1578,FRO
1579,FSK
1580,FCN
1581,GAB
1582,GME
1583,GCI
1584,GPS
1585,IT
1586,GLOG
1587,GTES
1588,GATX
1589,GCP
1590,GNRC
1591,GD
1592,GE
1593,GIS
1594,GM
1595,GCO
1596,G
1597,GPC
1598,GNW
1599,GEO
1600,GGB
1601,GIL
1602,GKOS
1603,GSK
1604,GNL
1605,GPN
1606,GL
1607,GMED
1608,GMS
1609,GDDY
1610,GOL
1611,GFI
1612,GS
1613,GGG
1614,EAF
1615,GVA
1616,GPMT
1617,GPK
1618,GTN
1619,GWB
1620,GDOT
1621,GBX
1622,GHL
1623,GPI
1624,GRUB
1625,SUPV
1626,TV
1627,GES
1628,GWRE
1629,HRB
1630,FUL
1631,HAE
1632,HAL
1633,HBI
1634,HASI
1635,HOG
1636,HMY
1637,HSC
1638,HIG
1639,HE
1640,HCA
1641,HDB
1642,HR
1643,HTA
1644,PEAK
1645,HL
1646,HEI
1647,HLX
1648,HP
1649,HLF
1650,HRI
1651,HTGC
1652,HSY
1653,HES
1654,HPE
1655,HXL
1656,HIW
1657,HI
1658,HRC
1659,HTH
1660,HGV
1661,HLT
1662,HFC
1663,HD
1664,HMC
1665,HON
1666,HRL
1667,HST
1668,HPQ
1669,HSBC
1670,HMI
1671,HUBS
1672,HBM
1673,HPP
1674,HUM
1675,HII
1676,HUN
1677,HUYA
1678,H
1679,IAG
1680,IBN
1681,IEX
1682,INFO
1683,ITW
1684,IMAX
1685,IRT
1686,INFY
1687,ING
1688,IR
1689,NGVT
1690,INGR
1691,IPHI
1692,NSP
1693,ICE
1694,IBM
1695,IFF
1696,IGT
1697,IP
1698,IPG
1699,IVR
1700,IVZ
1701,VVR
1702,NVTA
1703,INVH
1704,IQV
1705,IRM
1706,ITUB
1707,ITT
1708,JPM
1709,JILL
1710,SJM
1711,JBL
1712,J
1713,JHG
1714,JBGS
1715,JEF
1716,JELD
1717,JKS
1718,JNJ
1719,JCI
1720,JLL
1721,JNPR
1722,JE
1723,LRN
1724,KDMN
1725,KSU
1726,KAR
1727,KYN
1728,KBH
1729,KBR
1730,K
1731,KMT
1732,KW
1733,KDP
1734,KEY
1735,KEYS
1736,KRC
1737,KMB
1738,KIM
1739,KMI
1740,KGC
1741,KEX
1742,KL
1743,KRG
1744,KKR
1745,KNX
1746,KN
1747,KSS
1748,PHG
1749,KEP
1750,KFY
1751,KOS
1752,KRA
1753,KR
1754,KT
1755,LB
1756,LHX
1757,LH
1758,LADR
1759,LAIX
1760,LW
1761,LCI
1762,LPI
1763,LVS
1764,LAZ
1765,LZB
1766,LEA
1767,LEG
1768,LDOS
1769,LC
1770,LEN
1771,LII
1772,LXP
1773,LPL
1774,USA
1775,LBRT
1776,LSI
1777,LNC
1778,LIN
1779,LAC
1780,LYV
1781,LTHM
1782,RAMP
1783,LYG
1784,LMT
1785,L
1786,LOMA
1787,LPX
1788,LOW
1789,LL
1790,LYB
1791,MTB
1792,MDC
1793,MAC
1794,CLI
1795,MIC
1796,M
1797,MMP
1798,MGA
1799,MX
1800,MGY
1801,MTW
1802,MAN
1803,MFC
1804,MRO
1805,MPC
1806,VAC
1807,MMC
1808,MLM
1809,MAS
1810,MTZ
1811,MA
1812,MTDR
1813,MATX
1814,MAXR
1815,MMS
1816,MXL
1817,MBI
1818,MKC
1819,MCD
1820,MUX
1821,MCK
1822,MDU
1823,MTL
1824,MPW
1825,MD
1826,MDT
1827,MRK
1828,MDP
1829,MTH
1830,MTOR
1831,MEI
1832,MET
1833,MFA
1834,MIN
1835,MTG
1836,MGP
1837,MGM
1838,MFGP
1839,MAA
1840,MUFG
1841,MFG
1842,MBT
1843,MC
1844,MHK
1845,MOH
1846,TAP
1847,MCO
1848,MS
1849,MOS
1850,MSI
1851,MPLX
1852,MRC
1853,MSM
1854,MSCI
1855,MSGN
1856,MLI
1857,MWA
1858,MUR
1859,MUSA
1860,MYOV
1861,NFG
1862,NGG
1863,NOV
1864,NNN
1865,SID
1866,NSA
1867,NLS
1868,NAV
1869,NCR
1870,NPTN
1871,NVRO
1872,NMFC
1873,EDU
1874,NEWR
1875,NRZ
1876,SNR
1877,NYCB
1878,NYT
1879,NJR
1880,NEM
1881,NR
1882,NEP
1883,NEE
1884,NEX
1885,NGL
1886,NLSN
1887,NKE
1888,NIO
1889,NI
1890,NOAH
1891,NBLX
1892,NOK
1893,NOMD
1894,NMR
1895,NAT
1896,JWN
1897,NSC
1898,NOC
1899,NCLH
1900,NVS
1901,NVO
1902,DNOW
1903,NRG
1904,NUS
1905,NUE
1906,NTR
1907,JQC
1908,JPS
1909,NVT
1910,OAS
1911,OXY
1912,OII
1913,OGE
1914,OIS
1915,ORI
1916,OLN
1917,OHI
1918,OMC
1919,OMF
1920,OKE
1921,ORCL
1922,ORAN
1923,ORC
1924,OEC
1925,OSK
1926,OR
1927,OUT
1928,OSG
1929,OMI
1930,OC
1931,OI
1932,PCG
1933,PKG
1934,PAGS
1935,PANW
1936,PGRE
1937,PK
1938,PH
1939,PRTY
1940,PAYC
1941,PBF
1942,BTU
1943,PEB
1944,PBA
1945,PEI
1946,PMT
1947,PAG
1948,PNR
1949,PEN
1950,PFGC
1951,PKI
1952,PRGO
1953,PRSP
1954,PTR
1955,PBR
1956,PFE
1957,PM
1958,PSX
1959,PSXP
1960,FENG
1961,DOC
1962,PDM
1963,PCI
1964,PHK
1965,PNW
1966,PXD
1967,PBI
1968,PAA
1969,PAGP
1970,PLNT
1971,PLT
1972,AGS
1973,PNC
1974,PNM
1975,PII
1976,POR
1977,PKX
1978,POST
1979,PPG
1980,PPL
1981,PDS
1982,PBH
1983,PVG
1984,PG
1985,PGR
1986,PLD
1987,PUMP
1988,PB
1989,PRU
1990,TLK
1991,PEG
1992,PSA
1993,PHM
1994,PSTG
1995,PPT
1996,NEW
1997,PVH
1998,QTWO
1999,QEP
2000,QGEN
2001,QTS
2002,PWR
2003,QD
2004,DGX
2005,QUOT
2006,RRD
2007,RMED
2008,RDN
2009,RL
2010,RRC
2011,RJF
2012,RYAM
2013,RYN
2014,RLGY
2015,O
2016,RWT
2017,RF
2018,RGS
2019,RGA
2020,RS
2021,RNR
2022,SOL
2023,RSG
2024,REZI
2025,RMD
2026,RFP
2027,QSR
2028,RPAI
2029,REVG
2030,REXR
2031,RXN
2032,RH
2033,RNG
2034,RIO
2035,RBA
2036,RAD
2037,RLJ
2038,RHI
2039,ROK
2040,RCI
2041,ROL
2042,ROP
2043,RY
2044,RCL
2045,RES
2046,RPM
2047,RPT
2048,R
2049,RHP
2050,SPGI
2051,SB
2052,SAIL
2053,CRM
2054,SBH
2055,SD
2056,SC
2057,SAP
2058,SSL
2059,SLB
2060,SNDR
2061,SAIC
2062,STNG
2063,SMG
2064,SE
2065,SA
2066,SEE
2067,SEAS
2068,WTTR
2069,SEM
2070,SRE
2071,ST
2072,SRG
2073,SCI
2074,NOW
2075,SFL
2076,SHAK
2077,SJR
2078,SHLX
2079,SHW
2080,SHOP
2081,SIG
2082,SPG
2083,SITC
2084,SITE
2085,SIX
2086,SKM
2087,SKX
2088,SLG
2089,SM
2090,SMAR
2091,SNAP
2092,SNA
2093,SQM
2094,SOGO
2095,SOI
2096,SWI
2097,SAH
2098,SON
2099,SNE
2100,SJI
2101,SO
2102,SCCO
2103,LUV
2104,SWN
2105,SPR
2106,SAVE
2107,SRC
2108,SPOT
2109,SPXC
2110,SQ
2111,JOE
2112,STAG
2113,SWK
2114,STWD
2115,STT
2116,SCS
2117,STE
2118,STL
2119,SF
2120,STM
2121,STOR
2122,SYK
2123,SMFG
2124,INN
2125,SUM
2126,SLF
2127,SXC
2128,SU
2129,SUN
2130,SHO
2131,SWCH
2132,SYF
2133,SNX
2134,SNV
2135,SYY
2136,TSM
2137,TAK
2138,TAL
2139,TALO
2140,SKT
2141,TPR
2142,TRGP
2143,TGT
2144,TTM
2145,TMHC
2146,TRP
2147,TEL
2148,FTI
2149,TECK
2150,TK
2151,TGNA
2152,TDOC
2153,VIV
2154,TEF
2155,TDS
2156,TU
2157,GIM
2158,TPX
2159,TS
2160,THC
2161,TEN
2162,TDC
2163,TEX
2164,TX
2165,TTI
2166,TEVA
2167,TXT
2168,AES
2169,BX
2170,SCHW
2171,COO
2172,TRV
2173,TMO
2174,TPRE
2175,TRI
2176,THO
2177,TKR
2178,TMST
2179,TWI
2180,TJX
2181,TOL
2182,BLD
2183,TTC
2184,TD
2185,TOT
2186,TM
2187,TRTX
2188,TDG
2189,RIG
2190,TRU
2191,THS
2192,TREX
2193,TPH
2194,TNET
2195,TRN
2196,TSE
2197,TRTN
2198,TGI
2199,TROX
2200,TBI
2201,TFC
2202,TUP
2203,TKC
2204,TRQ
2205,TPC
2206,TWLO
2207,TWTR
2208,TWO
2209,TSN
2210,USB
2211,SLCA
2212,USX
2213,UI
2214,UBS
2215,UDR
2216,UGI
2217,UGP
2218,UA
2219,UAA
2220,UN
2221,UL
2222,UNP
2223,UIS
2224,UMC
2225,UNFI
2226,UPS
2227,URI
2228,X
2229,UNH
2230,UNVR
2231,UHS
2232,UNM
2233,UE
2234,USFD
2235,USNA
2236,VFC
2237,EGY
2238,VALE
2239,VLO
2240,VVV
2241,VAPO
2242,VAR
2243,VGR
2244,VEDL
2245,VEEV
2246,VNTR
2247,VTR
2248,VNE
2249,VER
2250,VZ
2251,VET
2252,VRS
2253,VICI
2254,VIPS
2255,SPCE
2256,V
2257,VSH
2258,VSTO
2259,VST
2260,VMW
2261,VG
2262,VNO
2263,VOYA
2264,IGD
2265,PPR
2266,VMC
2267,WTI
2268,WRB
2269,GRA
2270,GWW
2271,WNC
2272,WDR
2273,WMT
2274,DIS
2275,HCC
2276,WPG
2277,WRE
2278,WCN
2279,WM
2280,WAT
2281,W
2282,WBS
2283,WEC
2284,WEI
2285,WRI
2286,WBT
2287,WFC
2288,WELL
2289,WCC
2290,WST
2291,WAL
2292,WMC
2293,WES
2294,WU
2295,WAB
2296,WLK
2297,WRK
2298,WEX
2299,WY
2300,WPM
2301,WHR
2302,WLL
2303,WOW
2304,WMB
2305,WSM
2306,WGO
2307,WIT
2308,WWW
2309,INT
2310,WWE
2311,WOR
2312,WYND
2313,WH
2314,XHR
2315,XRX
2316,XPO
2317,XYL
2318,AUY
2319,YELP
2320,YETI
2321,YEXT
2322,YRD
2323,YPF
2324,YUMC
2325,YUM
2326,ZEN
2327,ZBH
2328,ZTS
2329,ZTO
2330,ZUO
